settlment_type,oblast,rajon_1941,settlment_name,lat,lon,year,population_for_map,dead_for_map,descr,completely_destroyed,building_destroyed,dead_descr
село,Вінницька,Іллінецький,Криштопівка,48.91733333,29.31966667,1944,1058,48,вивезено на примусові роботи до Німеччини 11 осіб,,316,48
село,Вінницька,Бершадський,Партизанське,48.29016667,29.705,1943,62,31,,,немає даних,31
село,Вінницька,Гайсинський,Мітлинці,48.8745,29.29266667,1944,1989,15,,,476,15
село,Вінницька,Гайсинський,Шура-Мітлинецька,48.8725,29.33716667,1944,761,100,згвалтовано 30 жінок,,немає даних,немає даних
село,Вінницька,Іллінецький,Василівка,49.02033333,29.26933333,1944,742,36,,,170,36
село,Вінницька,Іллінецький,Пархомівка,49.026,29.3085,1944,1218,47,,,87,47
село,Вінницька,Іллінецький,Чортория,48.95133333,29.57016667,1943,596,46,"Ще 58 жителів села загинули у вересні 1943 року: 41 розстріляно, 17 загинуло від пожеж і вибухів гранат , кинутих окупантами). Також спалено 240 господарських будівель",,152,46
село,Вінницька,Іллінецький,Шабельня,48.99233333,29.32216667,1943,791,27,Село спалено повністю,1.0,немає даних,27
село,Вінницька,Крижопільський,Павлівка,48.321,29.0585,1943,1496,66,,,350,66 жителів
село,Вінницька,Липовецький,Вахнівка,49.31866667,28.83933333,1944,5371,56,,,76,56
село,Вінницька,Літинський,Бруслинів,49.40916667,28.18983333,1944,1683,100,,,немає даних,немає даних
село,Вінницька,Літинський,Бруслинів,49.40916667,28.18983333,1944,1683,100,,,немає даних,немає даних
село,Вінницька,Літинський,Бруслинів,49.40916667,28.18983333,1944,1683,42,,,396,42
село,Вінницька,Літинський,Бруслинівка,49.3875,28.25116667,1944,584,34,Село спалено повністю,1.0,290,34
село,Вінницька,Літинський,Майдан-Бобрик,49.43983333,28.21783333,1943,552,100,Населення вивезли до Калинівки у трудовий табір. Всього до Німеччини вивезли 184 особи,,немає даних,немає даних
село,Вінницька,Літинський,Майдан-Бобрик,49.43983333,28.21783333,1943,552,21,,,130,21
село,Вінницька,Літинський,Пеньківка,49.36833333,28.27083333,1944,1859,90,Село спалено повністю,1.0,507,90
село,Вінницька,Літинський,Підлісне,49.351,28.31866667,1944,609,100,Село спалено повністю,1.0,немає даних,немає даних
село,Вінницька,Літинський,Супрунів,49.38833333,28.30866667,1944,718,23,,,250,23
село,Вінницька,Літинський,Уладівка,49.49066667,28.225,1944,1592,226,,,316,226
село,Волинська,Володимир-Волинський,Берег,0,0,,100,100,,,немає даних,немає даних
село,Волинська,Володимир-Волинський,Зоря,50.93333333,24.2045,,338,100,,,немає даних,немає даних
село,Волинська,Володимир-Волинський,Корчунок,0,0,,100,100,,,немає даних,немає даних
село,Волинська,Володимир-Волинський,Острівок,50.84183333,24.34283333,1943,588,100,,,104,немає даних
село,Волинська,Горохівський,Маруся,50.606,25.00816667,,19,100,,,немає даних,немає даних
село,Волинська,Горохівський,Наталин,50.4885,25.08833333,,191,100,,,немає даних,немає даних
село,Волинська,Горохівський,Софіївка,50.553,24.95283333,,115,100,,,немає даних,немає даних
село,Волинська,Горохівський,Терешківці,50.541,24.8545,,510,100,,,немає даних,немає даних
село,Волинська,Горохівський,Уманці,50.6175,24.884,,174,100,,,немає даних,немає даних
село,Волинська,Камінь-Каширський,Верхи,51.45433333,25.10033333,,587,100,,,немає даних,немає даних
село,Волинська,Камінь-Каширський,Карасин,51.39033333,25.005,1943,662,8,Село спалено повністю,1.0,немає даних,8
село,Волинська,Камінь-Каширський,Радошинка,51.38833333,24.93516667,,245,100,,,немає даних,немає даних
село,Волинська,Камінь-Каширський,Фаринки,51.667,25.25716667,,700,100,,,немає даних,немає даних
село,Волинська,Ківерцівський,Берестяне,50.95666667,25.88666667,1943,1017,14,,,203,14
село,Волинська,Ківерцівський,Карпилівка,50.84233333,25.83766667,,709,100,,,немає даних,немає даних
село,Волинська,Ківерцівський,Клубочин,50.94033333,25.75216667,1942,155,137,,,63,137
село,Волинська,Ківерцівський,Тростянець,50.95566667,25.551,1943,843,59,,,102,59
село,Волинська,Ківерцівський,Яківці,50.82633333,25.95316667,,248,100,,,немає даних,немає даних
село,Волинська,Ківерцівський,Яромель,50.93833333,25.63616667,,80,100,,,немає даних,немає даних
село,Волинська,Ковельський,Бахів,51.25716667,24.74316667,,436,100,,,немає даних,немає даних
село,Волинська,Ковельський,Будище,51.15933333,24.753,,120,100,,,немає даних,немає даних
село,Волинська,Ковельський,Гулівка,51.25466667,25.2195,,237,100,,,немає даних,немає даних
село,Волинська,Ковельський,Дубове,51.258,24.6745,1944,1454,6,,,немає даних,6
село,Волинська,Ковельський,Кричевичі,51.276,24.95966667,1944,818,87,Село спалено повністю,1.0,немає даних,87
село,Волинська,Ковельський,Лапні,51.37233333,24.81933333,,208,100,,,немає даних,немає даних
село,Волинська,Ковельський,Калинівка,51.20066667,24.55566667,,10,100,,,немає даних,немає даних
село,Волинська,Ковельський,Краснодуб'я,51.25033333,24.50366667,,17,100,,,немає даних,немає даних
село,Волинська,Ковельський,Кругель,51.25683333,24.50916667,,240,100,,,немає даних,немає даних
село,Волинська,Ковельський,Люблинець,51.18516667,24.61966667,,4477,100,,,немає даних,немає даних
село,Волинська,Ковельський,Майдан,51.01983333,24.93416667,,192,100,,,немає даних,немає даних
село,Волинська,Ковельський,Мощена,51.2565,24.6035,,581,100,,,немає даних,немає даних
село,Волинська,Ковельський,Тойкут,51.389,24.82166667,,507,100,,,немає даних,немає даних
село,Волинська,Ковельський,Пісочне,51.21833333,25.08633333,,811,100,,,немає даних,немає даних
село,Волинська,Ковельський,Нові Кошари,51.23933333,24.539,,158,100,,,немає даних,немає даних
село,Волинська,Ковельський,Угли,51.13566667,25.37383333,,249,100,,,немає даних,немає даних
село,Волинська,Ковельський,Черкаси,51.23683333,24.60216667,,260,100,,,немає даних,немає даних
село,Волинська,Локачинський,Конюхи,50.63566667,24.69033333,,780,100,,,немає даних,немає даних
село,Волинська,Локачинський,Кути,50.5925,24.68516667,,108,100,,,немає даних,немає даних
село,Волинська,Луцький,Вікторяни,50.67633333,25.151,1943,54,46,,,33,46
село,Волинська,Любешівський,Березичі,51.693,25.454,1943,798,6,,,200,6
село,Волинська,Любешівський,Лобна,51.64083333,25.5675,1942,684,100,,,немає даних,немає даних
село,Волинська,Любешівський,Погулянка,51.81883333,25.10933333,1943,579,100,,,50,немає даних
село,Волинська,Любешівський,Сваловичі,51.8675,25.634,,107,100,,,немає даних,немає даних
село,Волинська,Любешівський,Хоцунь,51.84216667,25.52,,432,100,,,немає даних,немає даних
село,Волинська,Любешівський,Цир,51.8085,25.3,,1221,100,,,немає даних,немає даних
село,Волинська,Любомльський,Бірки,51.24133333,24.07183333,1942,723,31,,,немає даних,31
село,Волинська,Любомльський,Вілька-Підгородненська,51.25166667,24.18966667,,102,100,,,немає даних,немає даних
село,Волинська,Любомльський,Високе,51.24233333,24.29283333,,67,100,,,немає даних,немає даних
село,Волинська,Любомльський,Висоцьк,51.10133333,23.88716667,,316,100,,,немає даних,немає даних
село,Волинська,Любомльський,Вишнівка,51.288,23.7085,1942,181,930,"Серед загиблих: 305 чоловіків, 348 жінок і 277 дітей до 10 років",,493,930
село,Волинська,Любомльський,Замлиння,51.12533333,23.96966667,,317,100,,,немає даних,немає даних
село,Волинська,Любомльський,Запілля,51.256,23.98516667,1943,723,100,,,немає даних,немає даних
село,Волинська,Любомльський,Застав’є,51.24166667,24.2035,,111,100,,,немає даних,немає даних
село,Волинська,Любомльський,Землиця,0,0,,100,100,,,немає даних,немає даних
село,Волинська,Любомльський,Лисняки,51.23566667,23.95033333,,219,100,,,немає даних,немає даних
село,Волинська,Любомльський,Підгородне,51.23583333,24.191,1944,389,50,,,290,50
село,Волинська,Любомльський,Приріччя,51.12,23.90133333,,61,100,,,немає даних,немає даних
село,Волинська,Любомльський,Підлісся,51.30683333,23.69166667,,152,100,,,немає даних,немає даних
село,Волинська,Любомльський,Терехи,51.117,23.88483333,,110,100,,,немає даних,немає даних
село,Волинська,Маневицький,Гута-Лісівська,51.25166667,25.72483333,,363,100,,,немає даних,немає даних
село,Волинська,Маневицький,Лісове,51.27283333,25.70016667,,555,100,,,немає даних,немає даних
село,Волинська,Маневицький,Старосілля,51.09166667,25.64183333,,1510,100,,,немає даних,немає даних
село,Волинська,Маневицький,Тараж,0,0,,100,80,,,немає даних,80
село,Волинська,Ратнівський,Залисиця,51.85933333,24.72316667,,127,100,,,немає даних,немає даних
село,Волинська,Ратнівський,Кортеліси,51.8515,24.42483333,1942,1254,1650,"За різними даними загинуло 1650-2875 осіб, знищено 715 будинків",,715,2875 (2992)
село,Волинська,Ратнівський,Піски-Річицькі,51.77233333,24.655,,581,100,,,немає даних,немає даних
село,Волинська,Ратнівський,Річиця,51.75533333,24.6545,,1266,100,,,немає даних,немає даних
село,Волинська,Рожищенський,Іванчиці,50.82083333,25.15733333,,923,100,,,немає даних,немає даних
село,Волинська,Рожищенський,Луків,51.04083333,25.393,,556,100,,,немає даних,немає даних
село,Волинська,Рожищенський,Мирославка,51.00016667,25.18533333,,96,100,,,немає даних,немає даних
село,Волинська,Рожищенський,Незвір,51.0565,25.4085,,263,100,,,немає даних,немає даних
село,Волинська,Рожищенський,Рудня,50.90333333,25.3015,,563,100,,,немає даних,немає даних
село,Волинська,Рожищенський,Сокіл,51.04133333,25.33683333,,897,100,,,немає даних,немає даних
село,Волинська,Старовижівський,Глухи,51.57633333,24.47466667,,999,100,,,немає даних,немає даних
село,Волинська,Старовижівський,Журавлине,51.30466667,24.52583333,1943,537,150,,,208,150
село,Волинська,Старовижівський,Лісняки,51.35116667,24.40916667,1944,340,180,,,104,180
село,Волинська,Старовижівський,Окурівка,0,0,,100,100,,,немає даних,немає даних
село,Волинська,Старовижівський,Смідин,51.29,24.42633333,,2490,100,,,немає даних,немає даних
село,Волинська,Старовижівський,Яревище,51.55183333,24.20783333,,675,100,,,немає даних,немає даних
село,Волинська,Турійський,Гаруша,51.1045,24.61716667,,183,100,,,немає даних,немає даних
село,Волинська,Турійський,Городилець,51.15966667,24.64083333,,316,100,,,немає даних,немає даних
село,Волинська,Турійський,Дольськ,51.1055,24.38633333,,482,100,,,немає даних,немає даних
село,Волинська,Турійський,Клевецьк,51.185,24.55416667,,141,100,,,немає даних,немає даних
село,Волинська,Турійський,Тагачин,51.07033333,24.64283333,1943,319,60,,,54,60
село,Волинська,Турійський,Озеряни,51.02183333,24.80783333,,479,100,,,немає даних,немає даних
село,Волинська,Турійський,Ревушки,50.93333333,24.53533333,,200,100,,,немає даних,немає даних
село,Волинська,Турійський,Руда,50.98966667,24.309,,66,100,,,немає даних,немає даних
село,Волинська,Турійський,Ружин,51.15366667,24.55433333,,356,100,,,немає даних,немає даних
село,Волинська,Турійський,Свинарин,50.938,24.65733333,,406,100,,,немає даних,немає даних
село,Волинська,Турійський,Ставок,51.106,24.48616667,,124,100,,,немає даних,немає даних
село,Волинська,Турійський,Туличин,51.00133333,24.65716667,1942,384,122,,,198,122
село,Волинська,Шацький,Вілиця,51.48816667,24.0525,1942,179,96,,,52,96
село,Волинська,Шацький,Кропивники,51.5075,24.07266667,1942,306,167,Село спалено повністю,1.0,немає даних,167
село,Дніпропетровська,Межівський,Новогригорівка,48.4265,36.6245,1943,397,130,,,197,130
село,Дніпропетровська,Межівський,Водолазьке,48.40916667,36.62316667,1943,373,100,,,79,немає даних
село,Дніпропетровська,Межівський,Попасне,48.8075,35.524,1943,1345,8,,,550,8
село,Дніпропетровська,Межівський,Петрівка,0,0,,100,100,,,немає даних,немає даних
село,Житомирська,Баранівський,Глибочок,50.21733333,27.6355,1943,932,6,Село спалено повністю,1.0,немає даних,6
село,Житомирська,Баранівський,Дубрівка,50.34116667,27.40866667,1943,2437,3,Село спалено повністю,1.0,немає даних,3
село,Житомирська,Баранівський,Заріччя,50.28991447,27.68914423,1943,100,7,,,252,7
село,Житомирська,Баранівський,Острожок,50.38966667,27.736,1943,592,14,,,немає даних,14
село,Житомирська,Баранівський,Солянка,0,0,,100,100,,,немає даних,немає даних
село,Житомирська,Брусилівський,Вільшка,50.2265,29.65233333,,185,100,,,168,немає даних
село,Житомирська,Брусилівський,Ковганівка,50.35483333,29.6215,,130,100,,,немає даних,немає даних
село,Житомирська,Брусилівський,Мар'янівка,50.13533333,29.36816667,1943,76,10,Село спалено повністю,1.0,немає даних,10
село,Житомирська,Брусилівський,Ставище,50.40283333,29.52033333,,579,100,,,320,немає даних
село,Житомирська,Брусилівський,Яструбенька,50.2755,29.63583333,,208,100,,,154,немає даних
село,Житомирська,Брусилівський,Яструбна,50.2895,29.65616667,,47,27,,,немає даних,27
село,Житомирська,Хорошівський,Гута-Добринь,50.706,28.75083333,1943,96,100,,,немає даних,немає даних
село,Житомирська,Ємільчинський,Адамове,50.82533333,27.4765,1943,93,10,Село спалено повністю,1.0,немає даних,10
село,Житомирська,Ємільчинський,Березники,50.85966667,27.48383333,1943,659,16,,,190,16
село,Житомирська,Ємільчинський,Велика Цвіля,50.80466667,27.604,1943,1200,39,,,523,39
село,Житомирська,Ємільчинський,Забаро-Давидівка,50.96883333,27.45183333,1943,431,12,,,45,12
село,Житомирська,Ємільчинський,Руденька,50.901,27.80016667,1943,190,30,Село спалено повністю,1.0,немає даних,30
село,Житомирська,Ємільчинський,Ситне,50.83766667,27.4405,1943,588,15,Село спалено повністю,1.0,немає даних,15
село,Житомирська,Житомирський,Крута,50.13533333,28.3255,1943,140,23,Село спалено повністю,1.0,немає даних,23
село,Житомирська,Коростенський,Ковбащина,50.841,28.485,,410,100,Село спалено повністю,1.0,немає даних,немає даних
село,Житомирська,,Красногірка,50.8055,28.43933333,1943,35,18,,,60,18
село,Житомирська,Коростенський,Мошківка,50.78833333,28.42233333,1943,137,14,Село спалено повністю,1.0,немає даних,14
село,Житомирська,Коростенський,Сантарка,50.837,28.3545,1943,57,100,Село спалено повністю,1.0,немає даних,немає даних
село,Житомирська,Коростишівський,Града,50.15270764,28.95792311,1943,41,100,"у 9-ти селах Коростишівського району (Струцівка, Горіхове, Мар’янівка,Осикове, Трикіпці, Кулишівка, Рудня-Грабівка, Рудня, Буймир і Града) спалено і розстріляно 300 жителів",,немає даних,немає даних
село,Житомирська,Коростишівський,Горіхове,50.2095,29.15083333,1943,135,100,"у 9-ти селах Коростишівського району (Струцівка, Горіхове, Мар’янівка,Осикове, Трикіпці, Кулишівка, Рудня-Грабівка, Рудня, Буймир і Града) спалено і розстріляно 300 жителів",,90,немає даних
село,Житомирська,Коростишівський,Кулішівка,50.24116667,29.05833333,1943,53,100,"у 9-ти селах Коростишівського району (Струцівка, Горіхове, Мар’янівка,Осикове, Трикіпці, Кулишівка, Рудня-Грабівка, Рудня, Буймир і Града) спалено і розстріляно 300 жителів",,немає даних,немає даних
село,Житомирська,Коростишівський,Осикове,50.18683333,29.10633333,1943,80,10,,,немає даних,10
село,Житомирська,Коростишівський,Рудня,50.207,29.039,1943,90,103,Село спалено повністю,1.0,немає даних,103
село,Житомирська,Коростишівський,Струцівка,50.18633333,29.22333333,1943,93,43,,,120,43
село,Житомирська,Коростишівський,Трикопці,50.23516667,29.0695,1943,55,100,Село спалено повністю,1.0,немає даних,немає даних
село,Житомирська,Коростишівський,Рудня-Грабівка,0,0,1943,100,100,,,немає даних,немає даних
село,Житомирська,Лугинський,Буда,51.169,28.59066667,,22,100,Село спалено повністю,1.0,немає даних,немає даних
село,Житомирська,Лугинський,Жеревці,51.1545,28.10916667,1943,1229,82,Село спалено повністю,1.0,немає даних,82
село,Житомирська,Лугинський,Зарічка,51.16883333,28.1265,1943,358,71,Село спалено повністю,1.0,немає даних,71
село,Житомирська,Лугинський,Малахівка,51.20166667,28.35866667,1943,182,100,Село спалено повністю,1.0,немає даних,немає даних
село,Житомирська,Лугинський,Топільня,51.19033333,28.0735,1943,268,50,,,немає даних,50
село,Житомирська,Любарський,Борушківці,49.97016667,27.62533333,1943,729,20,,,182,20
село,Житомирська,Малинський,Буки,50.71816667,28.841,1943,195,100,,,немає даних,немає даних
село,Житомирська,Малинський,Першотравневе,50.88466667,29.43583333,1943,28,1,,,60,1
село,Житомирська,Малинський,Сичівка,50.75233333,28.86916667,1943,132,5,Село спалено повністю,1.0,немає даних,5
село,Житомирська,Новоград-Волинський,Броницька Гута,50.9255,27.30833333,1943,1034,32,Село спалено повністю,1.0,немає даних,32
село,Житомирська,Новоград-Волинський,Дубники,50.87116667,27.34266667,1943,514,100,,,немає даних,немає даних
село,Житомирська,Новоград-Волинський,Дубники,50.87116667,27.34266667,1943,514,8,,,100,8
село,Житомирська,Новоград-Волинський,Кам'янка,50.5195,27.29033333,1942,543,100,,,немає даних,немає даних
село,Житомирська,Новоград-Волинський,Кам'янка,50.5195,27.29033333,1943,543,100,Село спалено повністю,1.0,немає даних,немає даних
село,Житомирська,Новоград-Волинський,Карпилівка,50.752,27.57533333,1943,64,2,Село спалено повністю,1.0,немає даних,2
село,Житомирська,Новоград-Волинський,Кленова,50.90833333,27.289,1943,292,100,Село спалено повністю,1.0,немає даних,немає даних
село,Житомирська,Новоград-Волинський,Красилівка,50.67316667,27.43583333,1943,822,5,,,125,5
село,Житомирська,Новоград-Волинський,Курчиця,50.75466667,27.43766667,1943,951,33,,,170,33
село,Житомирська,Новоград-Волинський,Курчицька Гута,50.787,27.46866667,1943,248,100,,,немає даних,немає даних
село,Житомирська,Новоград-Волинський,Липине,50.9035,27.38566667,1943,211,100,,,104,немає даних
село,Житомирська,Новоград-Волинський,Мала Цвіля,50.734,27.5395,1943,580,100,,,59,немає даних
село,Житомирська,Новоград-Волинський,Немильня,50.44083333,27.7675,1943,668,11,Село спалено повністю,1.0,немає даних,11
село,Житомирська,Новоград-Волинський,Партизанське,0,0,1943,100,2,,,немає даних,2
село,Житомирська,Новоград-Волинський,Перелісянка,50.95783333,27.28716667,1943,187,100,Село спалено повністю,1.0,немає даних,немає даних
село,Житомирська,Новоград-Волинський,Прихід,50.967,27.35733333,1943,41,15,Село спалено повністю,1.0,немає даних,15
село,Житомирська,Новоград-Волинський,Федорівка,50.61933333,27.8025,1943,1398,13,Село спалено повністю,1.0,немає даних,13
село,Житомирська,Новоград-Волинський,Ходурки,50.76833333,27.47,,211,100,,,137,немає даних
село,Житомирська,Новоград-Волинський,Червона Воля,50.975,27.2505,1943,865,70,,,158,70
село,Житомирська,Овруцький,Антоновичі,51.35733333,28.30866667,1942,531,368,Село спалено повністю,1.0,немає даних,368
село,Житомирська,Овруцький,Антоновичі,51.35733333,28.30866667,1943,531,15,Село спалено повністю,1.0,немає даних,15
село,Житомирська,Овруцький,Бігунь,51.40116667,28.27633333,1942,1834,160,,,496,160
село,Житомирська,Овруцький,Верхня Рудня,51.55783333,28.521,1942,185,97,Село спалено повністю,1.0,немає даних,97
село,Житомирська,Овруцький,Возлякове,51.207,28.30183333,1943,22,100,Село спалено повністю,1.0,немає даних,немає даних
село,Житомирська,Овруцький,Возничі,51.508,28.375,1942,215,10,,,175,10
село,Житомирська,Овруцький,Городець,0,0,1942,1288,35,,,197,35
село,Житомирська,Овруцький,Дівошин,51.43733333,28.60733333,,285,100,Село спалено повністю,1.0,немає даних,немає даних
село,Житомирська,Овруцький,Дуби,51.45583333,28.27583333,,176,100,Село спалено повністю,1.0,немає даних,немає даних
село,Житомирська,Овруцький,Заболоть,51.51683333,28.60683333,1943,122,1,,,178,1
село,Житомирська,Овруцький,Задорожок,51.35033333,28.29116667,1943,95,362,,,немає даних,362
село,Житомирська,Овруцький,Кованка,51.38516667,28.08883333,1943,190,68,,,236,68
село,Житомирська,Овруцький,Козулі,51.459,28.3715,1943,60,100,Село спалено повністю,1.0,немає даних,немає даних
село,Житомирська,Овруцький,Листвин,0,0,1943,100,100,,,немає даних,немає даних
село,Житомирська,Овруцький,Листвин,51.33466667,28.341,1943,1519,548,,,224,548
село,Житомирська,Овруцький,Лісовці,0,0,1942,100,2,Село спалено повністю,1.0,немає даних,2
село,Житомирська,Овруцький,Лучанки,51.54,28.45766667,1942,545,48,,,255,48
село,Житомирська,Овруцький,Мацьки,51.476,28.39316667,1942,93,5,Село спалено повністю,1.0,немає даних,5
село,Житомирська,Овруцький,Нижня Рудня,51.55433333,28.6065,1942,377,22,Село спалено повністю,1.0,немає даних,22
село,Житомирська,Овруцький,Нова Рудня,51.293,28.22283333,1943,97,54,Село спалено повністю,1.0,немає даних,54
село,Житомирська,Овруцький,Острови,51.43683333,28.48833333,1943,116,7,Село спалено повністю,1.0,немає даних,7
село,Житомирська,Овруцький,Переброди,51.284,28.17583333,1943,212,185,,,75,185
село,Житомирська,Овруцький,Побичі,51.42,28.16783333,1943,113,55,Село спалено повністю,1.0,немає даних,55
село,Житомирська,Овруцький,Прибитки,51.28566667,28.43816667,1943,610,21,,,209,21
село,Житомирська,Овруцький,Рокитне,51.20766667,28.25533333,1943,88,130,,,136,130
село,Житомирська,Овруцький,Селезівка,51.53433333,28.10433333,1943,249,227,,,немає даних,227
село,Житомирська,Овруцький,Середня Рудня,51.55366667,28.57016667,1942,307,102,,,179,102
село,Житомирська,Овруцький,Сирниця,51.425,28.1555,1942,250,55,Село спалено повністю,1.0,немає даних,55
село,Житомирська,Овруцький,Теклівка,51.44,28.525,1943,50,100,Село спалено повністю,1.0,немає даних,немає даних
село,Житомирська,Овруцький,Тхорин,51.40233333,28.32366667,1942,1277,34,,,345,34
село,Житомирська,Овруцький,Усове,51.325,28.1225,1942,157,236,,,270,236
село,Житомирська,Овруцький,Усове,51.325,28.1225,1943,157,100,,,немає даних,немає даних
село,Житомирська,Овруцький,Червонка,51.36966667,28.1195,1943,256,4,Село спалено повністю,1.0,немає даних,4
село,Житомирська,Овруцький,Червоносілка,51.58366667,28.28866667,1943,119,31,Село спалено повністю,1.0,немає даних,31
село,Житомирська,Овруцький,Ясенець,51.47516667,28.5765,1943,156,2,Село спалено повністю,1.0,немає даних,2
село,Житомирська,Овруцький,Делета,0,0,,100,100,,,немає даних,немає даних
село,Житомирська,Овруцький,Липські Романи,0,0,,100,100,,,немає даних,немає даних
село,Житомирська,Овруцький,Солотине,0,0,,100,100,,,немає даних,немає даних
село,Житомирська,Овруцький,Ситівка,0,0,,100,100,,,немає даних,немає даних
село,Житомирська,Олевський,Артинськ,51.25183333,27.73983333,1942,215,32,Село спалено повністю,1.0,немає даних,32
село,Житомирська,Олевський,Бацево,51.00466667,27.417,1943,127,14,Село спалено повністю,1.0,немає даних,14
село,Житомирська,Олевський,Добра,0,0,1943,100,137,Село спалено повністю,1.0,немає даних,137
село,Житомирська,Олевський,Джерело,51.05666667,27.43833333,1943,107,100,Село спалено повністю,1.0,немає даних,немає даних
село,Житомирська,Олевський,Калинівка,51.02133333,27.43666667,1943,649,100,Село спалено повністю,1.0,немає даних,немає даних
село,Житомирська,Олевський,Калинівка,51.02133333,27.43666667,1943,649,92,Село спалено повністю,1.0,немає даних,92
село,Житомирська,Олевський,Жубровичі,51.06883333,27.8755,1943,943,15,,,немає даних,15
село,Житомирська,Олевський,Журжевичі,51.40733333,27.707,1943,391,30,Село спалено повністю,1.0,немає даних,30
село,Житомирська,Олевський,Замисловичі,51.25166667,27.9405,1943,1176,110,,,74,110
село,Житомирська,Олевський,Зольня,51.0745,27.50966667,1943,185,10,Село спалено повністю,1.0,немає даних,10
село,Житомирська,Олевський,Ковалівка,51.0925,27.539,1943,190,43,Село спалено повністю,1.0,немає даних,43
село,Житомирська,Олевський,Копище,51.58366667,27.85166667,1943,943,2887,,,1506,2887
село,Житомирська,Олевський,Майдан,51.07366667,27.40316667,1943,519,8,,,74,8
село,Житомирська,Олевський,Майдан-Копищенський,51.52033333,27.85633333,1942,393,85,Село спалено повністю,1.0,немає даних,85
село,Житомирська,Олевський,Майдан-Копищенський,51.52033333,27.85633333,1943,393,85,Село спалено повністю,1.0,немає даних,85
село,Житомирська,Олевський,Майдан-Копищенський,51.52033333,27.85633333,1943,393,85,Село спалено повністю,1.0,немає даних,85
село,Житомирська,Олевський,Перга,51.39216667,27.89,1943,724,205,,,135,205
село,Житомирська,Олевський,Рудня-Перганська,51.372,27.906,1943,135,70,Село спалено повністю,1.0,немає даних,70
село,Житомирська,Олевський,Рудня-Хочинська,51.43483333,27.88966667,1942,242,3,Село спалено повністю,1.0,немає даних,3
село,Житомирська,Олевський,Саї,0,0,1943,100,100,Село спалено повністю,1.0,немає даних,немає даних
село,Житомирська,Олевський,Устинівка,51.33783333,27.93566667,1943,146,11,Село спалено повністю,1.0,немає даних,11
село,Житомирська,Олевський,Хмелівка,51.25683333,27.68716667,1943,142,11,Село спалено повністю,1.0,немає даних,11
село,Житомирська,Олевський,Хочине,51.45616667,27.8745,1942,698,125,Село спалено повністю. Його спалювали двічі. Вказана загальна кількість загиблих та спалених хат.,1.0,247,125
село,Житомирська,Олевський,Хочине,51.45616667,27.8745,1943,698,125,Село спалено повністю. Його спалювали двічі. Вказана загальна кількість загиблих та спалених хат.,1.0,247,125
село,Житомирська,Олевський,Юрове,51.3565,27.82533333,1942,1079,105,Село спалювали тричі. Вказана загальна кількість загиблих та спалених хат,1.0,300,105
село,Житомирська,Олевський,Юрове,51.3565,27.82533333,1943,1079,105,Село спалювали тричі. Вказана загальна кількість загиблих та спалених хат,1.0,300,105
село,Житомирська,Попільнянський,Паволоч,49.86816667,29.44283333,1943,1437,136,,,немає даних,136
село,Житомирська,Попільнянський,Соколів Брід,49.82183333,29.425,1943,202,450,,,110,450
село,Житомирська,Радомишльський,Хомівка,50.54216667,29.45316667,1943,66,100,Село спалено повністю,1.0,немає даних,немає даних
село,Житомирська,Червоноармійський район,Стара Рудня,50.53983333,28.0385,1943,234,90,Село спалено повністю,1.0,немає даних,90
село,Житомирська,Червоноармійський район,Теньківка,50.5385,28.10083333,1943,387,36,Село спалено повністю,1.0,немає даних,36
село,Житомирська,Чуднівський,Рижів,50.09016667,28.2675,1943,137,36,Село спалено повністю,1.0,100,36
село,Запорізька,Вільнянський,Вишневе,47.91916667,35.436,1943,39,100,,,немає даних,немає даних
село,Київська,Баришівський ,Леляки,50.23583333,31.5375,1943,468,12,Село спалено повністю,1.0,450,12
село,Київська,Баришівський ,Перемога,50.49316667,31.24116667,1943,1478,167,Село спалено повністю,1.0,немає даних,167
село,Київська,Баришівський ,Семенівка,50.24183333,31.5075,1943,1670,14,,,526,14
село,Київська,Бориспільський,Ревне,50.28516667,30.83433333,1943,1590,8,Село спалено повністю,1.0,220,8
село,Київська,Бориспільський,Рогозів,50.23483333,31.05016667,1943,2939,11,,,80,11
село,,Бориспільський,Бортничі,0,0,,100,100,,,немає даних,немає даних
село,Київська,Бородянський,Раска,50.75566667,29.59166667,1943,238,600,Село спалено повністю,1.0,100,600
село,Київська,Броварський,Богданівка,50.6225,30.909,1943,2906,15,Село спалено повністю,1.0,немає даних,15
село,Київська,Броварський,Бобрик,50.65066667,31.0765,,2067,100,Село спалено повністю,1.0,476,немає даних
село,,Броварський,Вигурівщина,0,0,,100,100,,,немає даних,немає даних
село,Київська,Броварський,Калита,50.75016667,31.0225,1943,100,2,Село спалено повністю,1.0,468,2
село,Київська,Броварський,Княжичі,50.4575,30.7835,1943,5207,48,Село спалено повністю,1.0,490,48
село,Київська,Броварський,Літки,50.70166667,30.741,1943,2499,42,,,650,42
село,Київська,Броварський,Літочки,50.75416667,30.7685,,422,100,Село спалено повністю,1.0,282,немає даних
село,Київська,Броварський,Плоске,50.536,31.10016667,1943,100,8,Село спалено повністю,1.0,268,8
село,Київська,Броварський,Пухівка,50.60333333,30.708,1943,100,100,Село спалено повністю,1.0,652,немає даних
село,Київська,Броварський,Рожни,50.667,30.737,1943,1208,100,Село спалено повністю,1.0,немає даних,немає даних
село,Київська,Броварський,Рудня,50.655,31.00116667,1943,1518,100,,,403,немає даних
село,Київська,Броварський,Семиполки,50.71833333,30.935,1943,3024,4,,,610,4
село,Київська,Вишгородський,Боденьки,50.82616667,30.7225,,428,50,,,210,50
село,Київська,Вишгородський,Вища Дубечня,50.72616667,30.6525,,895,100,Село спалено повністю,1.0,340,немає даних
село,Київська,Вишгородський,Воропаїв,50.77,30.65833333,,1145,100,Село спалено повністю,1.0,немає даних,немає даних
село,Київська,Вишгородський,Жукин,50.8065,30.68783333,1943,117,150,Село спалено повністю,1.0,немає даних,150
село,Київська,Вишгородський,Козаровичі,50.75483333,30.35383333,,2492,100,Село спалено повністю,1.0,480,немає даних
село,Київська,Вишгородський,Старі Петрівці,50.6515,30.4095,,2963,100,Село спалено повністю,1.0,320,немає даних
село,Київська,Володарський,Нове Життя,49.4045,29.92633333,1943,72,156,,,60,156
село,Київська,Іванківський,Заруддя,50.7875,29.523,1943,442,56,"За іншими даними: загиблих - 75 мешканців, спалено 475 дворів. У цьому селі вціліла єдина хата",,480,56
село,Київська,Макарівський,Кодра,50.58983333,29.56666667,1943,2100,400,"За різними даними спалено 300 дворів, 913 будівель",,813,400
село,Київська,Сквирський,Краснянка,49.85683333,29.66766667,1943,42,85,Серед загиблих - 28 дітей.,,42,85
село,Київська,Сквирський,Рогізна,49.868,29.70533333,1943,563,42,Спалено 42 сім'ї,,42,42
село,Київська,Ставищанський,Полковниче,49.45666667,30.22,1943,416,75,,,26,75
село,Київська,Таращанський,Антонівка,49.37266667,30.55683333,1943,181,40,Загиблі - жінки та діти,,68,40
село,Київська,Фастівський,Малополовецьке,49.91966667,29.81916667,1943,1244,193,"За іншими даними - загинуло понад 600 жителів, знищено 240 будівель",,144,193
село,Київська ,Вищедубечанський,Завалівка,0,0,,100,100,,,немає даних,немає даних
село,Київська,Чорнобильський,Заглиб'я,0,0,,100,100,,,немає даних,немає даних
село,Київська,Чорнобильський,Ладижичі,0,0,,100,100,,,немає даних,немає даних
село,Київська,Бородянський,Мар'янівка,0,0,,100,100,,,немає даних,немає даних
село,Київська,Вищедубечанський,Новосілки-на-Дніпрі,0,0,,100,100,,,немає даних,немає даних
село,Київська,Вищедубечанський,Ошитки,0,0,,100,100,,,немає даних,немає даних
село,Київська,Чорнобильський,Ротичі,0,0,,100,100,,,немає даних,немає даних
село,Київська,Вищедубечанський,Сваром'я,0,0,,100,100,,,немає даних,немає даних
село,Київська,Броварський,Свиноїди,0,0,,100,100,,,немає даних,немає даних
село,Київська,Чорнобильський,Теремці,0,0,,100,100,,,немає даних,немає даних
село,Київська,Броварський,Троєщина,0,0,,100,100,,,немає даних,немає даних
село,Київська,Чорнобильський,Хутір Золотніїв,0,0,,100,100,,,немає даних,немає даних
село,Київська,Вищедубечанський,Чернин,0,0,,100,100,,,немає даних,немає даних
село,Кіровоградська,Знам'янський,Іванківці,48.90316667,32.69033333,,1214,28,Село спалено повністю,1.0,немає даних,28
,Кіровоградська,Новопражський,Новомиколаївка,0,0,,100,100,,,немає даних,немає даних
,Львівська,Сокальський,Завонє,0,0,,100,100,,,немає даних,немає даних
,Полтавська,Миргородський,Велика Обухівка,50.139,33.9355,1941,695,315,За іншими даними загинуло від 160 до 419 осіб;,,215,315
,Полтавська,Миргородський,Олефірівка,50.07233333,33.9685,1943,165,14,"За іншими даними, спалено 160 будинків, 62 колгоспні будівлі, 2 школи, клуб, хата-читаль-
ня, приміщення сільської ради.",,108,14
,Полтавська,Миргородський,Панасівка,50.08966667,33.98616667,1943,92,12,"За іншими даними, село спалено повністю",1.0,92,12
,Полтавська,Миргородський,Сакалівка,50.11933333,33.9735,1941,74,75,,,76,75
,Полтавська,Семенівський,Великі Липняги,49.64033333,33.09216667,1943,386,371,"Село спалено повністю, серед загиблих: 49 чоловіків,
116 жінок, 81 людина похилого віку, 125 дітей",1.0,немає даних,371
,Полтавська,Шишацький,Баранівка,49.94216667,34.00483333,1941,616,11,Село спалено повністю,1.0,немає даних,11
,Полтавська,Шишацький,Баранівка,49.94216667,34.00483333,1943,616,100,Село спалено повністю,1.0,немає даних,немає даних
,Рівненська,Березнівський,Бистричі,50.876,26.9035,,2739,100,,,немає даних,немає даних
,Рівненська,Березнівський,Більчаки,50.808,27.1515,,355,100,,,немає даних,немає даних
,Рівненська,Березнівський,Ведмедівка,50.8005,26.87516667,,30,100,,,немає даних,немає даних
,Рівненська,Березнівський,Грушівська Гута,50.80166667,26.8395,,65,100,,,немає даних,немає даних
,Рівненська,Березнівський,Губків,50.825,27.05066667,,784,100,,,немає даних,немає даних
,Рівненська,Березнівський,Соснове,50.81966667,27.00333333,1943,2088,1317,Село спалено повністю,1.0,немає даних,1317
,Рівненська,Березнівський,Лінчин,51.10333333,26.95316667,1943,726,180,Село спалено повністю,1.0,150,180
,Рівненська,Володимирецький,Жолудськ,0,0,,100,100,,,немає даних,немає даних
,Рівненська,Гощанський,Борщівка,50.85533333,26.535,1943,791,270,Село спалено повністю,1.0,немає даних,270
,Рівненська,Гощанський,Зарічне,50.55266667,26.54,,445,100,,,немає даних,немає даних
,Рівненська,Гощанський,Пустомити,50.709,26.71866667,1943,553,560,За іншими даними - 485 загиблих,,400,560
,Рівненська,Гощанський,Лідівка,0,0,,100,100,,,немає даних,немає даних
,Рівненська,Демидівський,Лішня,50.425,25.35166667,,961,100,,,немає даних,немає даних
,Рівненська,Демидівський,Рогізне,50.38633333,25.326,,715,100,,,немає даних,немає даних
,Рівненська,Дубенський,Дубовиця,50.201,25.55116667,,36,100,,,немає даних,немає даних
,Рівненська,Дубровицький,Біле,51.642,26.70883333,,357,100,,,немає даних,немає даних
,Рівненська,Дубровицький,Будимля,51.65966667,26.96883333,,370,100,,,немає даних,немає даних
,Рівненська,Дубровицький,Залішани,51.53983333,26.40683333,,211,100,,,немає даних,немає даних
,Рівненська,Дубровицький,Залужжя,51.556,26.669,,1186,100,,,немає даних,немає даних
,Рівненська,Дубровицький,Осова,51.46983333,26.353,,872,100,Село спалено повністю,1.0,немає даних,немає даних
,Рівненська,Дубровицький,Переброди,51.72133333,26.97316667,1942,889,47,,,203,47
,Рівненська,Дубровицький,Рудня,51.68616667,26.57633333,,347,100,,,немає даних,немає даних
,Рівненська,Дубровицький,Сварицевичі,51.70433333,26.259,1943,959,19,Село спалено повністю,1.0,немає даних,19
,Рівненська,Зарічненський,Бір,51.776,26.2055,,117,100,,,немає даних,немає даних
,Рівненська,Зарічненський,Борове,51.6205,25.85166667,1943,2386,100,Село спалено повністю,1.0,немає даних,немає даних
,Рівненська,Зарічненський,Вовчиці,51.75483333,26.07533333,1943,983,100,,,86,немає даних
,Рівненська,Зарічненський,Олександрівськ,0,0,,100,100,,,немає даних,немає даних
,Рівненська,Зарічненський,Серники,51.81966667,26.23483333,1943,2680,724,Село спалено повністю,1.0,немає даних,724
,Рівненська,Здолбунівський,Білашів,50.37383333,26.09,,1637,100,,,немає даних,немає даних
,Рівненська,Здолбунівський,Копиткове,50.4715,26.37633333,,306,100,,,немає даних,немає даних
,Рівненська,Костопільський,Берестовець,50.857,26.30166667,,810,100,,,немає даних,немає даних
,Рівненська,Корецький,Дерманка,50.776,27.158,,76,100,,,немає даних,немає даних
,Рівненська,Костопільський,Дюксин,50.82383333,26.089,,1325,100,,,немає даних,немає даних
,Рівненська,Костопільський,Жильжа,50.836,26.20633333,1943,176,7,,,немає даних,7
,Рівненська,Костопільський,Жильжа,50.836,26.20633333,1943,176,30,,,немає даних,30
,Рівненська,Костопільський,Жильжа,50.836,26.20633333,1944,176,63,,,немає даних,63
,Рівненська,Костопільський,Постійне,50.9175,26.119,1943,1316,100,,,немає даних,немає даних
,Рівненська,Костопільський,Соломка,50.8215,26.2255,,311,100,,,немає даних,немає даних
,Рівненська,Млинівський,Велика Городниця,50.65233333,25.47616667,1943,697,30,,,немає даних,30
,Рівненська,Млинівський,Малин,50.65383333,25.637,1943,550,674,Село спалено повністю,1.0,немає даних,674
,Рівненська,Млинівський,Яловичі,50.643,25.38733333,,202,100,,,немає даних,немає даних
,Рівненська,Млинівський,Ярославичі,50.62216667,25.45316667,1943,978,31,,,87,31
,Рівненська,Острозький,Болотківці,50.251,26.35583333,1943,654,100,,,немає даних,немає даних
,Рівненська,Острозький,Вілія,50.19033333,26.25833333,1943,1310,100,,,немає даних,немає даних
,Рівненська,Острозький,Грем'яче,50.36833333,26.42466667,,746,170,,,немає даних,170
,Рівненська,Острозький,Грозів,50.35466667,26.41766667,,513,100,,,немає даних,немає даних
,Рівненська,Острозький,Лючин,50.30766667,26.4365,,432,100,,,немає даних,немає даних
,Рівненська,Острозький,Михайлівка,50.38516667,26.39166667,,148,100,,,немає даних,немає даних
,Рівненська,Острозький,Точевики,50.34216667,26.355,,333,100,,,немає даних,немає даних
,Рівненська,Радивилівський,Коти,50.19266667,25.43716667,,31,100,,,немає даних,немає даних
,Рівненська,Радивилівський,Ситне,50.18416667,25.40316667,,549,100,,,немає даних,немає даних
,Рівненська,Рівненський,Глинки,50.58333333,26.40316667,1944,352,24,,,30,24
,Рівненська,Рівненський,Ремель,50.72166667,26.38883333,1944,132,615,Село спалено повністю,1.0,немає даних,615
,Рівненська,Рокитнівський,Кам'яне,51.52266667,27.61966667,1942,1344,646,Село спалено повністю,1.0,269,646
,Рівненська,Рокитнівський,Єльне,51.451,27.13433333,,772,100,,,немає даних,немає даних
,Рівненська,Рокитнівський,Крута Слобода,0,0,,100,100,,,немає даних,немає даних
,Рівненська,Рокитнівський,Олександрівка,51.20283333,27.22333333,,485,100,,,немає даних,немає даних
,Рівненська,Рокитнівський,Остки,51.25766667,27.35516667,,1172,100,,,немає даних,немає даних
,Рівненська,Рокитнівський,Старе Село,0,0,1943,2880,685,Село спалено повністю,1.0,225,685
,Рівненська,Рокитнівський,Томашгород,51.30733333,27.02166667,,1586,100,,,немає даних,немає даних
,Рівненська,Сарненський,Бутейки,51.17566667,26.23533333,,715,100,,,немає даних,немає даних
,Рівненська,Сарненський,Вирка,51.20383333,26.1205,,450,100,,,немає даних,немає даних
,Рівненська,Сарненський,Довге,51.3265,26.47066667,,997,100,,,немає даних,немає даних
,Рівненська,Сарненський,Чабель ,51.15533333,26.9235,,1090,100,,,немає даних,немає даних
,Рівненська,Сарненський,Чудель,51.25733333,26.72,1942,3082,100,Село спалено майже повністю,1.0,немає даних,немає даних
,Рівненська,Невстановлений,Будки-Успенські,0,0,,100,100,,,немає даних,немає даних
,Рівненська,Невстановлений,Гурби,0,0,1944,100,100,,,немає даних,немає даних
,Рівненська,Невстановлений,Дубрівськ,0,0,1943,100,100,,,500,немає даних
,Рівненська,Невстановлений,Конотопи,0,0,,100,100,,,немає даних,немає даних
,Рівненська,Невстановлений,Людвиківка,0,0,1943,100,100,,,немає даних,немає даних
,Рівненська,Невстановлений,Плотичне,0,0,,100,100,,,немає даних,немає даних
,Рівненська,Невстановлений,Хотинка,0,0,,100,100,,,немає даних,немає даних
,Рівненська,Невстановлений,Юзефівка,0,0,,100,100,,,немає даних,немає даних
,Сумська,Глухівський,Баранівка,51.9195,34.1845,1941,100,22,Село спалено повністю,1.0,немає даних,22
,Сумська,Глухівський,Гута,51.73933333,33.622,1943,55,160,,,79,160 (440)
,Сумська,Зноб-Новгородський,Стародубів,0,0,1942,100,100,Спалено повністю,1.0,немає даних,немає даних
хутір,Сумська,Краснопільський,Коханий,0,0,1943,100,15,Спалено повністю,1.0,немає даних,15
,Сумська,Кролевецький,Новоселиця,51.504,33.73816667,1942,92,29,,,немає даних,29
хутір,Сумська,Лебединський,Клюшники,0,0,1942,100,100,Спалено повністю,1.0,немає даних,немає даних
,Сумська,Путивльський,Веселе,51.49316667,34.036,1942,757,26,,,52,10 (26)
,Сумська,Путивльський,Волокитине,51.45466667,33.80616667,1943,515,265,,,185,265
хутір,Сумська,Путивльський,Залісний,0,0,1942,100,100,Село спалено повністю,1.0,немає даних,немає даних
,Сумська,Путивльський,Нова Слобода,51.3705,34.12133333,1942,2374,586,"убито 256 жінок, 70 дітей (від одного до десяти років), 260 підлітків і людей похилого віку",,760,586
,Сумська,Путивльський,Нова Шарпівка,51.38966667,33.751,1942,70,18,Село спалено повністю,1.0,64,18
хутір,Сумська,Путивльський,Смолянинів (нині у складі села Мазівка),51.367,34.00083333,1942,100,100,Село спалено повністю,1.0,немає даних,немає даних
село,Сумська,Путивльський,Спадщина,51.33816667,33.73416667,1942,104,100,,1.0,89,немає даних
,Сумська,Путивльський,Стара Шарпівка,51.4055,33.71766667,1942,131,7,Село спалено повністю,1.0,60,7
,Сумська,Путивльський,Яцине,51.41833333,33.75583333,1942,309,42,,1.0,61,42
,Сумська,Роменський,Братське,50.53766667,33.456,1943,45,4,село спалено повністю,1.0,немає даних,4
,Сумська,Середино-Будський,Боровичі,52.17566667,33.35866667,1942,148,14,село спалено повністю,1.0,немає даних,14
,Сумська,Середино-Будський,Велика Берізка,52.20983333,33.84016667,1942,635,570,село спалено повністю,1.0,немає даних,570 (більше 600)
,Сумська,Середино-Будський,Гаврилова Слобода,52.25533333,33.8865,1942,1177,33,,,342,33 (34)
,Сумська,Середино-Будський,Голубівка,52.23783333,33.78483333,1942,980,53,,,243,53 (41)
,Сумська,Середино-Будський,Заріччя,52.24216667,33.78983333,1942,34,100,село спалено повністю,1.0,немає даних,немає даних
смт (з 1961 року),Сумська,Середино-Будський,Зноб-Новгородське,52.25966667,33.59016667,1942,1317,69,,,740,69
село,Сумська,Середино-Будський,Зноб-Трубчевська,52.28883333,33.572,1942,967,124,,,420,124
село,Сумська,Середино-Будський,Красичка,52.1845,33.76733333,1943,173,114,,,170,114
хутір (з 1950-х — село),Сумська,Середино-Будський,Красноярське,52.23933333,33.408,1942,273,5,спалено повністю,1.0,57,5
село,Сумська,Середино-Будський,Кренидівка,52.2345,33.45983333,1942,391,50,,,270,50
,Сумська,Середино-Будський,Кудоярове,52.28816667,33.60083333,1942,7,20,село спалено повністю,1.0,немає даних,20
,Сумська,Середино-Будський,Кустине,52.23783333,33.57366667,1942,157,13,село спалено повністю,1.0,немає даних,13
,Сумська,Середино-Будський,Лісне,52.25416667,33.74033333,1942,701,62,,1.0,198,62
,Сумська,Середино-Будський,Луг,52.16783333,33.80233333,1942,100,100,село спалено повністю,1.0,немає даних,немає даних
,Сумська,Середино-Будський,Лукашенкове,52.17283333,33.8225,1942,112,100,село спалено повністю,1.0,немає даних,немає даних
,Сумська,Середино-Будський,Любахове,52.28483333,33.52416667,1942,200,23,село спалено повністю,1.0,немає даних,23
,Сумська,Середино-Будський,Люте,52.25483333,33.65533333,1942,67,10,село спалено повністю,1.0,немає даних,10
,Сумська,Середино-Будський,Мефедівка,52.25116667,33.50866667,1942,330,55,,,290,55
,Сумська,Середино-Будський,Нова Гута,52.27066667,33.8415,1942,1102,87,,,364,87
,Сумська,Середино-Будський,Спарта (нині - Нова Спарта),52.12616667,33.67133333,1943,32,87,село спалено повністю,1.0,немає даних,87
,Сумська,Середино-Будський,Нововасилівка,52.335,33.47066667,1942,738,130,,,200,130
хутір,Сумська,Середино-Будський,Олександрівка,0,0,,100,100,,,немає даних,немає даних
,Сумська,Середино-Будський,Очкине,52.22366667,33.373,1942,509,20,,,270,20
,Сумська,Середино-Будський,Поділи,52.21983333,33.73683333,1942,213,30,,,70,30
,Сумська,Середино-Будський,Ріг,52.12316667,33.75266667,1942,210,100,село спалено повністю,1.0,немає даних,немає даних
,Сумська,Середино-Будський,Рудня,52.18416667,33.6225,1942,278,28,,,немає даних,28
,Сумська,Середино-Будський,Стара Гута,52.30416667,33.78683333,1942,1325,134,,,547,134 (123)
,Сумська,Середино-Будський,Стягайлівка,52.26866667,33.65733333,1942,780,74,,,270,74
хутір (нині село),Сумська,Середино-Будський,Троїцьке,52.22633333,33.80883333,1942,90,27,,,37,27
хутір (нині село),Сумська,Середино-Будський,Українське,52.28466667,33.50533333,1942,100,11,,,30,11
село,Сумська,Середино-Будський,Улиця,52.305,33.60933333,1942,536,60,,,немає даних,60
село,Сумська,Середино-Будський,Уралове,52.1835,33.55066667,1942,2990,35,село спалено повністю,1.0,немає даних,35
хутір,Сумська,Середино-Будський,Хрещиків,52.15533333,33.77316667,1942,100,100,,,немає даних,немає даних
село,Сумська,Середино-Будський,Чернацьке,52.1745,33.92116667,1942,3862,56,,,390,56
хутір (нині село),Сумська,Сумський,Вакалівщина,51.02366667,34.92166667,1943,71,12,,,138,12
хутір (нині село),Сумська,Сумський,Зелений Гай,50.9765,34.8715,1943,56,26,село спалено повністю,1.0,немає даних,26
,Сумська,Сумський,Олексіївка,51.13433333,34.86833333,1943,1561,100,,,300,немає даних
,Сумська,Тростянецький,Оводівка,50.47466667,34.80066667,1943,13,100,село спалено повністю,1.0,немає даних,немає даних
хутір,Сумська,Тростянецький,Чернеччина,50.6335,35.105,1943,100,37,спалено повністю,1.0,33,37
село,Сумська,Хильчицький (по війні Середино-Будський),Білоусівка,52.29266667,33.668,1942,780,344,"Село спалено повністю.
Загалом за роки війни загинуло 736 із 789 мешканців села",1.0,немає даних,344
хутір,Сумська,Хильчицький,Червоний,0,0,1942,100,100,Спалено повністю,1.0,немає даних,немає даних
село,Сумська,Шосткинський,Івот,51.976,33.5005,1943,904,392,,,223,392
,Сумська,Ямпільський,Антонівка,52.00216667,33.5855,1943,354,97,село спалено повністю,1.0,немає даних,97
,Сумська,Ямпільський,Дорошівка,52.02566667,33.85433333,1942,316,6,село спалено повністю,1.0,немає даних,6
,Сумська,Ямпільський,Микитівка,51.9055,33.97116667,1942,357,16,село спалено повністю,1.0,немає даних,16
,Сумська,Ямпільський,Родіонівка,51.9925,34.08466667,1943,24,3,село спалено повністю,1.0,немає даних,3
,Тернопільська,Козівський,Великий Ходачків,49.48566667,25.42133333,1944,2800,365,Уціліло 30 із 710 хат,,680,275 (365)
,Тернопільська,Кременецький,Шпиколоси,50.03666667,25.73516667,1944,483,22,"Убито, зокрема, 6 дітей і 8 старих. 

Із 270 дворів уціліло 30",,240,22
,Тернопільська,Лановецький,Молотків,49.8215,26.18616667,1944,964,617,"Серед убитих - 92 дитини і священник.

Вціліло 5 хат із 358",,немає даних,617
,Тернопільська,Лановецький,Осники,49.83716667,26.17383333,1943,426,187,,,118,187
,Тернопільська,Чортківський,Стара Ягільниця,48.97383333,25.68966667,1944,1620,140,Ще 38 мешканців карателі забрали на примусові роботи до Німеччини,,120,140
,Тернопільська,Шумський,Стара Гута,50.2225,26.135,1944,100,200,,,100,200
,Тернопільська,Шумський,Стіжок,50.1745,25.8595,1943,496,76,,,185,53-76
,Харківська,Первомайський,Єфремівка,49.45066667,36.05266667,1943,2000,240,село спалено повністю,1.0,немає даних,240
,Хмельницька,Білогірський,Синютки,0,0,1944,600,25,село спалено повністю,1.0,немає даних,25
,Хмельницька,Волочиський,Канівка,49.44316667,26.19216667,1944,742,80,"Ще 54 мешканців села вивезено на примусові роботи до Німеччини.
Спалено також усі колгоспні споруди.",,132,80
,Хмельницька,Волочиський,Лозова,49.509,26.30316667,1944,975,65,"декілька жінок зґвалтовано, 45 (за іншими даними: понад 70) юнаків і дівчат було вивезено на примусову працю до Німеччини",,понад 160 (із 318) будинків,65
,Хмельницька,Ізяславський,Білижинці,50.058,26.61966667,1944,522,35,Ще 63 жителі вивезені до Німеччини,,63,35
,Хмельницька,Ізяславський,Білотин,50.24,26.657,1944,230,4,,,62 двори (зі 171),4
,Хмельницька,Ізяславський,Васьківці,50.08966667,26.788,1944,889,49,поміж убитих - 26 жінок та 14 дітей,,68,49
,Хмельницька,Ізяславський,Двірець,50.05183333,26.57233333,1944,1537,40,"ще 210 мешканців села вивезено до Німеччини (за іншими даними: 110, а за весь час окупації вивезено до Німеччини 295 людей)",,"25 лютого 1944 р. спалено 333 будинки з 388, 28 лютого 1944 р. спалено вцілілі будинки",29 (40)
,Хмельницька,Ізяславський,Клубівка,50.07516667,26.77366667,1944,928,76,,,600,76
,Хмельницька,Ізяславський,Комини,50.21783333,26.70166667,1944,179,44,"Серед убитих - 9 дітей і 21 жінка.
Село спалено повністю (вціліло 4 двори зі 141).",1.0,137,40 (44)
,Хмельницька,Ізяславський,Лютарка,50.15716667,26.76916667,1944,725,8,,,135,8
,Хмельницька,Ізяславський,Михля,50.154,26.8055,1944,1438,19,,,312,19
,Хмельницька,Ізяславський,Михнів,50.05783333,26.68466667,1943,1705,19,"Загалом за час окупації убито 34 мешканці села, на каторжні роботи до Німеччини вивезено 242 людини",,147,"Село спалювали кілька разів
1) 12;
2) немає даних;
3) 19"
,Хмельницька,Ізяславський,Покощівка,50.04116667,26.667,1944,549,13,"Спалено більшість громадських будівель. 
Вціліло 47 із 137 дворів",,90 дворів,13
,Хмельницька,Ізяславський,Поліське (до 1966 р. - Велика Гнійниця,50.10233333,26.58433333,1944,1015,27,Село спалено повністю (знищено також усі громадські будівлі),1.0,240,17 (27)
,Хмельницька,Ізяславський,Сошне,50.13416667,26.7505,1944,782,4,Село спалено повністю (вцілів 1 двір із 223),1.0,222,4
,Хмельницька,Полонський,Білецьке,49.8925,27.37533333,1944,481,53,Спалено також школу і колгоспні будівлі. Вціліло 118 із 350 дворів,,232,53
,Хмельницька,Полонський,Буртин,50.2195,27.421,1944,1124,11,"Спалено також усі колгоспні будівлі, гуртожиток і контору заводу вогнетривів",,220,11
,Хмельницька,Полонський,Воробіївка,49.90366667,27.49033333,1944,1134,247,"1) крім того, біля села розстріляно 33 мешканців с.Храбузна;
2) в тому числі 113 дітей",,"1) немає даних;
2) 52","Село спалювали кілька разів
1) 18;
2) 247"
,Хмельницька,Полонський,Кустівці,49.91966667,27.407,1944,1760,14,,,128,14
,Хмельницька,Полонський,Онацьківці,49.95083333,27.47366667,1943,1488,29,"Крім того, ще в липні 1941 р. було розстріляно 13 мешканців єврейської національності, загалом же протягом окупації загинуло 78 людей. Ще 196 селян було угнано на примусові роботи до Німеччини.",,"1) село спалено частково;
2) 120","Село спалювали кілька разів
1) 18;
2) 29"
,Хмельницька,Славутський,Волиця (до 1946 р. - Вулька),50.384,26.85016667,1944,514,70,"за німецькими документами, у двох селах (Вулька та Губельці) розстріляно 80 заручників, спалено понад 100 хат",,26,70 (54)
,Хмельницька,Славутський,Голики,50.2195,26.888,1944,703,6,Село спалено повністю (вціліло 2 двори із 109),1.0,107,6
,Хмельницька,Славутський,Губельці,50.39016667,26.8735,1943,574,53,,,13,53 (48)
,Хмельницька,Славутський,Миньківці,50.3175,26.99216667,1943,1667,79,"1) убито 3 жінки і 13 дітей;
2) ;
3) убито 23 заручники і 56 жителів, серед них 25 дітей",,"1) немає даних;
2) село спалено частково;
3) 57","Село спалювали кілька разів
1) 16;
2) немає даних;
3) 79"
,Хмельницька,Славутський,Сільце,50.31666667,26.68916667,1943,249,10,Село спалено повністю (вціліло 6 дворів із 61) ,1.0,55,10
,Хмельницька,Славутський,Хоровиця,50.255,26.72233333,1943,254,10,Загалом спалено 68 дворів із 83,,"1) 8;
2) 3;
3) 57","Село спалювали кілька разів
1) немає даних;
2) немає даних;
3) 7 (10)"
,Хмельницька,Старосинявський,Сьомаки,49.524,27.58783333,1943,798,184,"Серед убитих – переважно жінки та діти (з них до 5 років – 21, від 5 до 11 років – 19, підлітків – 17)",,164,184
,Хмельницька,Теофіпольський ,Караїна,49.75266667,26.40116667,1944,138,92,Село спалено повністю (вціліло 6 дворів із 86) ,1.0,80,92
,Черкаська,Бабанський (нині - Уманський) ,Острівець,48.59216667,30.51816667,1944,458,139,(серед убитих - жінка з трьома дітьми),,200,139
,Черкаська,Бабанський,Борщова,0,0,1944,100,29,"Село спалено повністю.
Видання УІНП 2012 року запевняє, що відродження населеного пункту не відбулося. Однак село Борщова (200 мешканців за переписом 2001 року) існує дотепер - в тій же місцевості, але за кілометр від кордону Черкаської області - у Новоархангельському районі Кіровоградщини. Припускаємо, що село відродилося, тільки вже з іншим адміністративним підпорядкуванням
https://uk.wikipedia.org/wiki/%D0%91%D0%BE%D1%80%D1%89%D0%BE%D0%B2%D0%B0_(%D0%9D%D0%BE%D0%B2%D0%BE%D0%B0%D1%80%D1%85%D0%B0%D0%BD%D0%B3%D0%B5%D0%BB%D1%8C%D1%81%D1%8C%D0%BA%D0%B8%D0%B9_%D1%80%D0%B0%D0%B9%D0%BE%D0%BD)",1.0,110,29 (17)
хутір,Черкаська,Буцький ,Павлопіль,49.10166667,30.5865,1943,100,21,,,20,21
,Черкаська,Жашківський,Тинівка,49.26916667,30.421,,1523,68,Село спалено повністю,1.0,480,68
,Черкаська,Жашківський,Червоний Кут,49.15,30.3265,,1694,100,Село спалено повністю,1.0,немає даних,немає даних
,Черкаська,Лисянський,Шестеринці,49.20733333,30.92383333,1944,455,86,,,225,86
,Черкаська,Маньківський,Кислин,49.1535,30.4075,1943,1284,16,,,52,16
,Черкаська,Черкаський,Будище,49.52283333,31.80666667,1943,1543,156,"Спалено 510 дворів, 474 будинки",,510,156
,Черкаська,Черкаський,Станіславчик,49.6015,31.56966667,,96,30,Село спалено повністю,1.0,немає даних,30
хутір,Черкаська,Чигиринський,Буда,49.10516667,32.25566667,1943,46,130,"Серед убитих - 18 жінок і 55 дітей.
Всього спалено 80 будинків",,76,80 (130)
хутір (нині - село),Черкаська,Чигиринський,Вдовичине,49.05,32.47166667,1943,87,405,,,140,405
хутір,Черкаська,Чигиринський,Дяки,0,0,1943,100,100,,,немає даних,немає даних
хутір (нині - у складі села Вдовичине),Черкаська,Чигиринський,Ленінський,0,0,1943,100,64,,,18,64
село,Черкаська,Чигиринський,Мельники,49.13933333,32.2915,1943,2713,300,Також карателі зруйнували будівлі старовинного Мотронинського монастиря. На примусові роботи до Німеччини з села вивезли 240 дівчат і юнаків,,352,300
,Черкаська,Чигиринський,Чернече,49.03883333,32.672,,176,100,Село спалено повністю,1.0,немає даних,немає даних
хутір (нині - село),Чернігівська,Бобровицький,Бірки,50.5075,31.43716667,1942,97,100,Загалом убито та вивезено на примусові роботи до Німеччини 216 людей (разом із мешканцями хутора Красне),,166 (разом із спаленим хутором Красне),немає даних
хутір (нині - село),Чернігівська,Бобровицький,Красне,50.52066667,31.40633333,1942,57,100,Загалом убито та вивезено на примусові роботи до Німеччини 216 людей (разом із мешканцями хутора Бірки),,немає даних,немає даних
село,Чернігівська,Бобровицький,Марківці,50.72433333,31.2505,1943,2311,48,,,"1) 22;
2) 17;
3) 96","Село спалювали кілька разів
1) 37;
2) 48;
3) немає даних"
,Чернігівська,Бобровицький,Мочалище,50.56666667,31.31783333,1942,587,267,Село спалено повністю,1.0,немає даних,267
,Чернігівська,Бобровицький,Піски,50.59283333,31.376,1942,2309,861,Село спалено повністю,1.0,750,629 (861)
,Чернігівська,Бобровицький,Рокитне,50.56683333,31.355,1942,55,197,Село спалено повністю. 77 із убитих карателями людей спалені живцем,1.0,немає даних,197
,Чернігівська,Борзнянський,Плиски,51.1045,32.42616667,1941,1333,100,"Загалом за період окупації німці розстріляли 548 радянських військовополонених і мирних жителів, живцем спалили 28 осіб, на примусові роботи в Німеччину вивезли 125 осіб.",,59,немає даних
,Чернігівська,Варвинський,Озеряни,50.49083333,32.90233333,1941,1422,203,177 із убитих карателями людей спалені живцем у приміщенні школи,,немає даних,203
,Чернігівська,Городнянський,Лемешівка,52.074,31.63416667,1941,597,14,,,420 (468),14
хутір (нині - село),Чернігівська,Козелецький,Жеребецьке,50.87466667,31.139,1941,80,100,Село спалено повністю,1.0,немає даних,немає даних
,Чернігівська,Козелецький,Корніїв,50.83433333,31.10866667,1941,123,12,Село спалено повністю,1.0,195,12
,Чернігівська,Козелецький,Сираї,50.84033333,31.03716667,1943,708,12,Село спалено повністю,1.0,немає даних,12
,Чернігівська,Козелецький,Сокирин,50.80716667,31.0355,1941,182,12,Село спалено повністю,1.0,182,12
,Чернігівська,Козелецький,Тополі,50.85983333,31.1065,1942,195,350,Село спалено повністю,1.0,немає даних,340-350
хутір (нині - село),Чернігівська,Козелецький,Часнівці,50.87483333,31.168,1941,625,100,Село спалено повністю,1.0,немає даних,немає даних
хутір (нині - село),Чернігівська,Корюківський,Богдалівка,51.82366667,32.50283333,1941,2,100,Спалено повністю,1.0,немає даних,немає даних
селище міського типу (нині - місто),Чернігівська,Корюківський,Корюківка,51.78333333,32.25,1943,12942,6700,"Містечко спалено повністю. 
Його мешканців розстрілювали з автоматів та кулеметів, розбивали голови прикладами, спалювали заживо - у школах, поліклініці, церкві, ресторані, театрі... 
Вцілілих корюківчан (переважно літніх людей) карателі добили в ході остаточної зачистки 9 березня, зокрема спаливши заживо в печі для виробництва цегли. 
5612 тіл убитих так і залишилися неопізнаними (Червона армія вступить у безлюдну Корюківку вже через два тижні після бійні).
Окупанти влаштовували масові вбивства у містечку задовго до трагедії - в січні 1942-го розстріляно більшість корюківських євреїв (близько 300 осіб). В лютому страчено 131 родича радянських партизанів і 12 ромів (загалом на Чернігівщині карателі вбили до 3 тисяч ромів).",,1290,щонайменше 6700
хутір (нині - село),Чернігівська,Корюківський,Майбутнє,51.95816667,32.4585,1943,4,6,,,немає даних,6
село,Чернігівська,Корюківський,Олійники,51.75533333,32.59133333,1941,61,100,"карателі розстріляли всіх, хто не зміг залишити село",,50,немає даних
,Чернігівська,Корюківський,Охрамієвичі,51.90666667,32.2755,1941,3045,16,,,40,16
,Чернігівська,Корюківський,Перелюб,51.975,32.33433333,1943,2524,50,,,150,50
,Чернігівська,Корюківський,Прибинь,51.989,32.28566667,1943,792,55,Спалено також усі громадські та колгоспні споруди,,150,55
,Чернігівська,Корюківський,Рейментарівка,51.77433333,32.557,1941,691,115,Село спалено повністю,1.0,немає даних,115
,Чернігівська,Корюківський,Самотуги,51.79283333,32.44083333,1941,115,87,"Ще 30 жителів угнано в Німеччину на примусові роботи.
Село спалено майже повністю",,немає даних,87
хутір (нині - село),Чернігівська,Куликівський,Коростень,51.21683333,31.4065,1941,5,100,Село спалено повністю,1.0,немає даних,немає даних
,Чернігівська,Новгород-Сіверський,Будо-Вороб'ївська,52.24316667,33.05316667,1941,986,100,Село спалено повністю,1.0,немає даних,немає даних
,Чернігівська,Новгород-Сіверський,Вороб'ївка,52.2055,33.05733333,1941,2030,100,Село спалено повністю,1.0,немає даних,немає даних
,Чернігівська,Новгород-Сіверський,Мурав'ї,52.339,33.3715,1942,629,45,Село спалено повністю,1.0,240,45
,Чернігівська,Новгород-Сіверський,Орлівка,51.90883333,32.80816667,1943,3934,100,,1.0,238,немає даних
,Чернігівська,Новгород-Сіверський,Чайкине,52.16716667,32.99116667,1942,296,4,Село спалено повністю,1.0,234,4
,Чернігівська,Носівський,Козари,50.938,31.402,1943,750,3908,Село спалено повністю,1.0,870,3908
хутір (нині - село),Чернігівська,Носівський,Коробчине,50.9575,31.705,1943,151,100,Село спалено повністю,1.0,немає даних,немає даних
хутір (нині - село),Чернігівська,Носівський,Сулак,50.95983333,31.75366667,1943,531,32,Село спалено повністю,1.0,немає даних,32
село,Чернігівська,Носівський,Червоні Партизани (нині Володькова Дівиця),50.9395,31.787,1942,4107,175,"1) 100 жителів як заручників забрали карателі, а 8 липня 1942 р. за розпорядженням коменданта м. Носівка Дрозда та бургомістра райуправи Амосова 191 жителів села було заарештовано і відправлено у тюрму м. Ніжин, де вони й загинули",,631,"Село спалювали кілька разів
1) 175;
2) 120"
,Чернігівська,Ріпкинський,Клубівка,51.96833333,30.93966667,1943,241,506,Село спалено повністю,1.0,307,506
,Чернігівська,Ріпкинський,Лісківка,51.60766667,30.65883333,1943,27,100,Село спалено повністю,1.0,немає даних,немає даних
,Чернігівська,Ріпкинський,Мекшунівка,51.55933333,30.77233333,1943,76,9,Село спалено повністю,1.0,90,9
,Чернігівська,Ріпкинський,Пізнопали,51.9365,30.9055,1943,40,50,"Село спалено повністю - разом зі школою, клубом, акушерським пунктом та колгоспними спорудами. Всі убиті - діти, жінки, люди похилого віку",1.0,78,50
,Чернігівська,Ріпкинський,Пролетарська Рудня (нині - Рудня),51.55966667,30.73333333,1943,25,100,Спалено більшу частину села,,немає даних,немає даних
,Чернігівська,Ріпкинський,Червона Гута (нині - Гута),51.54,30.7425,1943,27,124,Село спалено повністю. Мешканців (переважно жінок та дітей) спалили живцем,,немає даних,124
,Чернігівська,Ріпкинський,Шкуранка,51.60816667,30.68583333,1943,5,100,,,18,немає даних
хутір (нині - село),Чернігівська,Семенівський,Зелений Гай,52.1575,32.7695,1943,19,220,Село спалено повністю,1.0,немає даних,220 (160)
хутір (нині - село),Чернігівська,Семенівський,Калинівське,52.2675,32.41833333,1943,29,7,Село спалено повністю,1.0,немає даних,7
село,Чернігівська,Семенівський,Лосівка,52.05283333,32.557,1941,290,165,Село спалено повністю,1.0,немає даних,165
,Чернігівська,Семенівський,Тимоновичі,52.29033333,32.42166667,1943,2023,17,"Можливо, вбитих набагато більше. Дорослих розстрілювали, дітей живцем кидали у вогонь",,384,17
,Чернігівська,Семенівський,Тополівка,52.0335,32.4585,1941,291,150,Село спалено повністю,1.0,209,150 (111)
,Чернігівська,Сосницький,Велике Устя,51.43533333,32.52083333,1943,1232,25,,,14,25
,Чернігівська,Сосницький,Купчичі,51.57183333,32.66866667,1943,619,46,Село спалено повністю,1.0,168,46
,Чернігівська,Срібнянський,Іванківці,50.604,32.76716667,1943,2490,61,Село спалено повністю,1.0,немає даних,61
,Чернігівська,Чернігівський,Ведильці,51.4575,30.8425,1943,2123,400,"Загальна кількість убитих і заживо спалених - до 800 осіб (половина тогочасного населення села).
Унаслідок двох каральних операцій знищено 700 будинків (третина села)",,"1) спалено частково;
2) 500","Село спалювали кілька разів
1) понад 230;
2) 400"
,Чернігівська,Чернігівський,Кувечичі,51.62233333,30.95116667,1943,1146,174,"Більшість мешканців спалено заживо.
Село спалено повністю",1.0,340,166 (174)
,Чернігівська,Чернігівський,Пакуль,51.404,30.80066667,1943,1041,105,Село спалено повністю,1.0,375,105
,Чернігівська,Чернігівський,Полуботки,51.55516667,31.2845,1941,249,31,Село спалено повністю,1.0,немає даних,31
,Чернігівська,Чернігівський,Шестовиця,51.38433333,31.1885,1941,1330,52,,,112,52
,Чернігівська,Чернігівський,Яцево (нині - Новоселівка),51.52566667,31.38533333,1943,766,440,Село спалено повністю,1.0,116,440
,Чернігівська,Щорський (Сновський),Гута-Студенецька,52.00316667,32.18483333,1943,232,24,,,34,24
,Чернігівська,Щорський (Сновський),Єліне,52.01883333,31.972,1942,383,500,"120 сімей винищено карателями повністю.
Село спалено повністю",1.0,519,500
,Чернігівська,Щорський (Сновський),Клюси,52.0725,31.92166667,1942,286,182,Село спалено повністю,1.0,немає даних,182
,Чернігівська,Щорський (Сновський),Тихоновичі,51.941,32.17283333,1943,855,112,Також карателі спалили школу й лікарню,,237,112
